question_answer,question,word_answer,a,operator,b ,solution
2 - 55 = -53,2 - 55,Minus Fifty Three,2,1,55,-53
74 - 33 = 41,74 - 33,Forty One,74,1,33,41
52 + 29 = 81,52 + 29,Eighty One,52,0,29,81
47 + 70 = 117,47 + 70,One Hundred Seventeen,47,0,70,117
35 - 66 = -31,35 - 66,Minus Thirty One,35,1,66,-31
80 + 76 = 156,80 + 76,One Hundred Fifty Six,80,0,76,156
49 - 97 = -48,49 - 97,Minus Forty Eight,49,1,97,-48
9 + 54 = 63,9 + 54,Sixty Three,9,0,54,63
21 - 36 = -15,21 - 36,Minus Fifteen,21,1,36,-15
47 + 36 = 83,47 + 36,Eighty Three,47,0,36,83
66 + 68 = 134,66 + 68,One Hundred Thirty Four,66,0,68,134
11 + 79 = 90,11 + 79,Ninety ,11,0,79,90
10 + 38 = 48,10 + 38,Forty Eight,10,0,38,48
4 - 65 = -61,4 - 65,Minus Sixty One,4,1,65,-61
32 + 55 = 87,32 + 55,Eighty Seven,32,0,55,87
58 + 58 = 116,58 + 58,One Hundred Sixteen,58,0,58,116
87 + 21 = 108,87 + 21,One Hundred Eight,87,0,21,108
94 + 74 = 168,94 + 74,One Hundred Sixty Eight,94,0,74,168
95 + 58 = 153,95 + 58,One Hundred Fifty Three,95,0,58,153
0 + 45 = 45,0 + 45,Forty Five,0,0,45,45
13 - 86 = -73,13 - 86,Minus Seventy Three,13,1,86,-73
48 - 54 = -6,48 - 54,Six,48,1,54,-6
62 - 91 = -29,62 - 91,Minus Twenty Nine,62,1,91,-29
91 + 88 = 179,91 + 88,One Hundred Seventy Nine,91,0,88,179
25 + 88 = 113,25 + 88,One Hundred Thirteen,25,0,88,113
96 + 88 = 184,96 + 88,One Hundred Eighty Four,96,0,88,184
1 + 24 = 25,1 + 24,Twenty Five,1,0,24,25
25 + 65 = 90,25 + 65,Ninety ,25,0,65,90
40 - 79 = -39,40 - 79,Minus Thirty Nine,40,1,79,-39
56 - 12 = 44,56 - 12,Forty Four,56,1,12,44
20 - 95 = -75,20 - 95,Minus Seventy Five,20,1,95,-75
85 - 29 = 56,85 - 29,Fifty Six,85,1,29,56
64 + 54 = 118,64 + 54,One Hundred Eighteen,64,0,54,118
23 + 92 = 115,23 + 92,One Hundred Fifteen,23,0,92,115
81 - 53 = 28,81 - 53,Twenty Eight,81,1,53,28
75 - 5 = 70,75 - 5,Seventy ,75,1,5,70
85 - 88 = -3,85 - 88,Three,85,1,88,-3
16 + 93 = 109,16 + 93,One Hundred Nine,16,0,93,109
93 + 86 = 179,93 + 86,One Hundred Seventy Nine,93,0,86,179
41 + 43 = 84,41 + 43,Eighty Four,41,0,43,84
33 + 36 = 69,33 + 36,Sixty Nine,33,0,36,69
72 - 72 = 0,72 - 72,No,72,1,72,0
57 - 93 = -36,57 - 93,Minus Thirty Six,57,1,93,-36
20 - 79 = -59,20 - 79,Minus Fifty Nine,20,1,79,-59
40 + 91 = 131,40 + 91,One Hundred Thirty One,40,0,91,131
69 - 93 = -24,69 - 93,Minus Twenty Four,69,1,93,-24
62 - 9 = 53,62 - 9,Fifty Three,62,1,9,53
61 - 90 = -29,61 - 90,Minus Twenty Nine,61,1,90,-29
34 - 97 = -63,34 - 97,Minus Sixty Three,34,1,97,-63
31 - 97 = -66,31 - 97,Minus Sixty Six,31,1,97,-66
23 + 63 = 86,23 + 63,Eighty Six,23,0,63,86
8 - 25 = -17,8 - 25,Minus Seventeen,8,1,25,-17
20 - 5 = 15,20 - 5,Fifteen,20,1,5,15
95 + 79 = 174,95 + 79,One Hundred Seventy Four,95,0,79,174
20 + 61 = 81,20 + 61,Eighty One,20,0,61,81
8 + 72 = 80,8 + 72,Eighty ,8,0,72,80
62 + 16 = 78,62 + 16,Seventy Eight,62,0,16,78
94 + 74 = 168,94 + 74,One Hundred Sixty Eight,94,0,74,168
9 - 80 = -71,9 - 80,Minus Seventy One,9,1,80,-71
48 - 37 = 11,48 - 37,Eleven,48,1,37,11
54 + 60 = 114,54 + 60,One Hundred Fourteen,54,0,60,114
61 - 45 = 16,61 - 45,Sixteen,61,1,45,16
14 - 2 = 12,14 - 2,Twelve,14,1,2,12
59 + 82 = 141,59 + 82,One Hundred Forty One,59,0,82,141
42 - 55 = -13,42 - 55,Minus Thirteen,42,1,55,-13
90 + 93 = 183,90 + 93,One Hundred Eighty Three,90,0,93,183
48 - 89 = -41,48 - 89,Minus Forty One,48,1,89,-41
26 + 79 = 105,26 + 79,One Hundred Five,26,0,79,105
39 - 76 = -37,39 - 76,Minus Thirty Seven,39,1,76,-37
66 - 9 = 57,66 - 9,Fifty Seven,66,1,9,57
17 - 21 = -4,17 - 21,Four,17,1,21,-4
78 - 51 = 27,78 - 51,Twenty Seven,78,1,51,27
39 + 14 = 53,39 + 14,Fifty Three,39,0,14,53
52 + 72 = 124,52 + 72,One Hundred Twenty Four,52,0,72,124
71 + 27 = 98,71 + 27,Ninety Eight,71,0,27,98
29 + 97 = 126,29 + 97,One Hundred Twenty Six,29,0,97,126
100 - 8 = 92,100 - 8,Ninety Two,100,1,8,92
44 - 87 = -43,44 - 87,Minus Forty Three,44,1,87,-43
12 + 43 = 55,12 + 43,Fifty Five,12,0,43,55
62 - 94 = -32,62 - 94,Minus Thirty Two,62,1,94,-32
59 - 20 = 39,59 - 20,Thirty Nine,59,1,20,39
22 - 99 = -77,22 - 99,Minus Seventy Seven,22,1,99,-77
51 - 4 = 47,51 - 4,Forty Seven,51,1,4,47
2 - 55 = -53,2 - 55,Minus Fifty Three,2,1,55,-53
34 + 41 = 75,34 + 41,Seventy Five,34,0,41,75
18 - 73 = -55,18 - 73,Minus Fifty Five,18,1,73,-55
5 - 65 = -60,5 - 65,Minus Sixty ,5,1,65,-60
65 + 4 = 69,65 + 4,Sixty Nine,65,0,4,69
53 - 29 = 24,53 - 29,Twenty Four,53,1,29,24
69 + 75 = 144,69 + 75,One Hundred Forty Four,69,0,75,144
80 + 83 = 163,80 + 83,One Hundred Sixty Three,80,0,83,163
33 - 21 = 12,33 - 21,Twelve,33,1,21,12
40 + 89 = 129,40 + 89,One Hundred Twenty Nine,40,0,89,129
24 + 73 = 97,24 + 73,Ninety Seven,24,0,73,97
5 - 21 = -16,5 - 21,Minus Sixteen,5,1,21,-16
91 - 95 = -4,91 - 95,Four,91,1,95,-4
37 - 71 = -34,37 - 71,Minus Thirty Four,37,1,71,-34
58 + 15 = 73,58 + 15,Seventy Three,58,0,15,73
36 - 15 = 21,36 - 15,Twenty One,36,1,15,21
18 + 77 = 95,18 + 77,Ninety Five,18,0,77,95
24 + 95 = 119,24 + 95,One Hundred Nineteen,24,0,95,119
29 + 50 = 79,29 + 50,Seventy Nine,29,0,50,79
11 + 8 = 19,11 + 8,Nineteen,11,0,8,19
64 + 53 = 117,64 + 53,One Hundred Seventeen,64,0,53,117
90 + 69 = 159,90 + 69,One Hundred Fifty Nine,90,0,69,159
81 + 17 = 98,81 + 17,Ninety Eight,81,0,17,98
92 - 61 = 31,92 - 61,Thirty One,92,1,61,31
64 - 16 = 48,64 - 16,Forty Eight,64,1,16,48
93 + 23 = 116,93 + 23,One Hundred Sixteen,93,0,23,116
53 + 11 = 64,53 + 11,Sixty Four,53,0,11,64
74 - 37 = 37,74 - 37,Thirty Seven,74,1,37,37
41 - 91 = -50,41 - 91,Minus Fifty ,41,1,91,-50
36 - 19 = 17,36 - 19,Seventeen,36,1,19,17
67 + 92 = 159,67 + 92,One Hundred Fifty Nine,67,0,92,159
32 + 89 = 121,32 + 89,One Hundred Twenty One,32,0,89,121
11 - 27 = -16,11 - 27,Minus Sixteen,11,1,27,-16
59 + 44 = 103,59 + 44,One Hundred Three,59,0,44,103
28 + 59 = 87,28 + 59,Eighty Seven,28,0,59,87
14 + 66 = 80,14 + 66,Eighty ,14,0,66,80
62 - 71 = -9,62 - 71,Nine,62,1,71,-9
75 - 83 = -8,75 - 83,Eight,75,1,83,-8
91 - 8 = 83,91 - 8,Eighty Three,91,1,8,83
11 + 5 = 16,11 + 5,Sixteen,11,0,5,16
4 - 55 = -51,4 - 55,Minus Fifty One,4,1,55,-51
72 + 40 = 112,72 + 40,One Hundred Twelve,72,0,40,112
34 + 50 = 84,34 + 50,Eighty Four,34,0,50,84
58 + 61 = 119,58 + 61,One Hundred Nineteen,58,0,61,119
63 + 36 = 99,63 + 36,Ninety Nine,63,0,36,99
46 - 58 = -12,46 - 58,Minus Twelve,46,1,58,-12
43 + 63 = 106,43 + 63,One Hundred Six,43,0,63,106
7 - 73 = -66,7 - 73,Minus Sixty Six,7,1,73,-66
65 + 99 = 164,65 + 99,One Hundred Sixty Four,65,0,99,164
88 + 99 = 187,88 + 99,One Hundred Eighty Seven,88,0,99,187
87 - 77 = 10,87 - 77,Ten,87,1,77,10
19 + 55 = 74,19 + 55,Seventy Four,19,0,55,74
78 - 91 = -13,78 - 91,Minus Thirteen,78,1,91,-13
63 + 43 = 106,63 + 43,One Hundred Six,63,0,43,106
48 - 32 = 16,48 - 32,Sixteen,48,1,32,16
84 + 57 = 141,84 + 57,One Hundred Forty One,84,0,57,141
34 - 36 = -2,34 - 36,Two,34,1,36,-2
13 - 43 = -30,13 - 43,Minus Thirty ,13,1,43,-30
63 + 34 = 97,63 + 34,Ninety Seven,63,0,34,97
100 - 68 = 32,100 - 68,Thirty Two,100,1,68,32
95 + 52 = 147,95 + 52,One Hundred Forty Seven,95,0,52,147
42 + 1 = 43,42 + 1,Forty Three,42,0,1,43
63 + 8 = 71,63 + 8,Seventy One,63,0,8,71
98 - 8 = 90,98 - 8,Ninety ,98,1,8,90
49 - 51 = -2,49 - 51,Two,49,1,51,-2
75 + 98 = 173,75 + 98,One Hundred Seventy Three,75,0,98,173
52 - 73 = -21,52 - 73,Minus Twenty One,52,1,73,-21
53 - 14 = 39,53 - 14,Thirty Nine,53,1,14,39
24 + 77 = 101,24 + 77,One Hundred One,24,0,77,101
9 - 63 = -54,9 - 63,Minus Fifty Four,9,1,63,-54
4 - 10 = -6,4 - 10,Six,4,1,10,-6
75 - 96 = -21,75 - 96,Minus Twenty One,75,1,96,-21
26 + 85 = 111,26 + 85,One Hundred Eleven,26,0,85,111
61 + 52 = 113,61 + 52,One Hundred Thirteen,61,0,52,113
62 + 23 = 85,62 + 23,Eighty Five,62,0,23,85
22 + 85 = 107,22 + 85,One Hundred Seven,22,0,85,107
18 + 89 = 107,18 + 89,One Hundred Seven,18,0,89,107
65 + 20 = 85,65 + 20,Eighty Five,65,0,20,85
71 + 38 = 109,71 + 38,One Hundred Nine,71,0,38,109
66 - 5 = 61,66 - 5,Sixty One,66,1,5,61
60 + 80 = 140,60 + 80,One Hundred Forty ,60,0,80,140
21 + 15 = 36,21 + 15,Thirty Six,21,0,15,36
71 - 99 = -28,71 - 99,Minus Twenty Eight,71,1,99,-28
24 - 47 = -23,24 - 47,Minus Twenty Three,24,1,47,-23
59 + 81 = 140,59 + 81,One Hundred Forty ,59,0,81,140
36 - 58 = -22,36 - 58,Minus Twenty Two,36,1,58,-22
64 + 9 = 73,64 + 9,Seventy Three,64,0,9,73
18 + 48 = 66,18 + 48,Sixty Six,18,0,48,66
20 + 17 = 37,20 + 17,Thirty Seven,20,0,17,37
16 + 18 = 34,16 + 18,Thirty Four,16,0,18,34
21 - 84 = -63,21 - 84,Minus Sixty Three,21,1,84,-63
44 - 8 = 36,44 - 8,Thirty Six,44,1,8,36
63 - 12 = 51,63 - 12,Fifty One,63,1,12,51
17 + 57 = 74,17 + 57,Seventy Four,17,0,57,74
80 - 8 = 72,80 - 8,Seventy Two,80,1,8,72
19 + 56 = 75,19 + 56,Seventy Five,19,0,56,75
78 - 60 = 18,78 - 60,Eighteen,78,1,60,18
14 + 12 = 26,14 + 12,Twenty Six,14,0,12,26
16 - 33 = -17,16 - 33,Minus Seventeen,16,1,33,-17
1 + 66 = 67,1 + 66,Sixty Seven,1,0,66,67
41 - 18 = 23,41 - 18,Twenty Three,41,1,18,23
20 + 74 = 94,20 + 74,Ninety Four,20,0,74,94
18 - 88 = -70,18 - 88,Minus Seventy ,18,1,88,-70
75 - 32 = 43,75 - 32,Forty Three,75,1,32,43
9 - 93 = -84,9 - 93,Minus Eighty Four,9,1,93,-84
76 - 20 = 56,76 - 20,Fifty Six,76,1,20,56
83 + 34 = 117,83 + 34,One Hundred Seventeen,83,0,34,117
32 - 36 = -4,32 - 36,Four,32,1,36,-4
18 - 35 = -17,18 - 35,Minus Seventeen,18,1,35,-17
16 + 51 = 67,16 + 51,Sixty Seven,16,0,51,67
88 - 39 = 49,88 - 39,Forty Nine,88,1,39,49
32 - 27 = 5,32 - 27,Five,32,1,27,5
95 + 43 = 138,95 + 43,One Hundred Thirty Eight,95,0,43,138
90 - 43 = 47,90 - 43,Forty Seven,90,1,43,47
74 - 91 = -17,74 - 91,Minus Seventeen,74,1,91,-17
82 + 27 = 109,82 + 27,One Hundred Nine,82,0,27,109
7 + 63 = 70,7 + 63,Seventy ,7,0,63,70
94 - 51 = 43,94 - 51,Forty Three,94,1,51,43
86 - 7 = 79,86 - 7,Seventy Nine,86,1,7,79
26 - 97 = -71,26 - 97,Minus Seventy One,26,1,97,-71
14 + 12 = 26,14 + 12,Twenty Six,14,0,12,26
79 - 9 = 70,79 - 9,Seventy ,79,1,9,70
61 - 33 = 28,61 - 33,Twenty Eight,61,1,33,28
25 + 82 = 107,25 + 82,One Hundred Seven,25,0,82,107
30 + 39 = 69,30 + 39,Sixty Nine,30,0,39,69
56 + 88 = 144,56 + 88,One Hundred Forty Four,56,0,88,144
34 + 21 = 55,34 + 21,Fifty Five,34,0,21,55
84 + 73 = 157,84 + 73,One Hundred Fifty Seven,84,0,73,157
22 - 92 = -70,22 - 92,Minus Seventy ,22,1,92,-70
87 + 17 = 104,87 + 17,One Hundred Four,87,0,17,104
19 + 90 = 109,19 + 90,One Hundred Nine,19,0,90,109
91 - 92 = -1,91 - 92,One,91,1,92,-1
85 - 71 = 14,85 - 71,Fourteen,85,1,71,14
68 + 37 = 105,68 + 37,One Hundred Five,68,0,37,105
29 - 8 = 21,29 - 8,Twenty One,29,1,8,21
57 + 27 = 84,57 + 27,Eighty Four,57,0,27,84
66 - 65 = 1,66 - 65,One,66,1,65,1
33 + 95 = 128,33 + 95,One Hundred Twenty Eight,33,0,95,128
9 + 33 = 42,9 + 33,Forty Two,9,0,33,42
11 - 98 = -87,11 - 98,Minus Eighty Seven,11,1,98,-87
33 - 91 = -58,33 - 91,Minus Fifty Eight,33,1,91,-58
95 + 69 = 164,95 + 69,One Hundred Sixty Four,95,0,69,164
68 + 5 = 73,68 + 5,Seventy Three,68,0,5,73
13 - 77 = -64,13 - 77,Minus Sixty Four,13,1,77,-64
8 + 41 = 49,8 + 41,Forty Nine,8,0,41,49
37 + 8 = 45,37 + 8,Forty Five,37,0,8,45
53 + 28 = 81,53 + 28,Eighty One,53,0,28,81
76 + 91 = 167,76 + 91,One Hundred Sixty Seven,76,0,91,167
70 - 43 = 27,70 - 43,Twenty Seven,70,1,43,27
17 + 87 = 104,17 + 87,One Hundred Four,17,0,87,104
75 - 95 = -20,75 - 95,Minus Twenty ,75,1,95,-20
94 + 8 = 102,94 + 8,One Hundred Two,94,0,8,102
92 + 59 = 151,92 + 59,One Hundred Fifty One,92,0,59,151
65 + 14 = 79,65 + 14,Seventy Nine,65,0,14,79
39 + 93 = 132,39 + 93,One Hundred Thirty Two,39,0,93,132
48 - 53 = -5,48 - 53,Five,48,1,53,-5
64 - 49 = 15,64 - 49,Fifteen,64,1,49,15
15 + 44 = 59,15 + 44,Fifty Nine,15,0,44,59
14 - 92 = -78,14 - 92,Minus Seventy Eight,14,1,92,-78
85 + 80 = 165,85 + 80,One Hundred Sixty Five,85,0,80,165
40 - 90 = -50,40 - 90,Minus Fifty ,40,1,90,-50
91 + 36 = 127,91 + 36,One Hundred Twenty Seven,91,0,36,127
27 + 31 = 58,27 + 31,Fifty Eight,27,0,31,58
47 + 0 = 47,47 + 0,Forty Seven,47,0,0,47
2 - 96 = -94,2 - 96,Minus Ninety Four,2,1,96,-94
76 - 100 = -24,76 - 100,Minus Twenty Four,76,1,100,-24
63 - 23 = 40,63 - 23,Forty ,63,1,23,40
94 + 29 = 123,94 + 29,One Hundred Twenty Three,94,0,29,123
90 - 56 = 34,90 - 56,Thirty Four,90,1,56,34
95 - 30 = 65,95 - 30,Sixty Five,95,1,30,65
44 + 94 = 138,44 + 94,One Hundred Thirty Eight,44,0,94,138
85 + 41 = 126,85 + 41,One Hundred Twenty Six,85,0,41,126
45 + 68 = 113,45 + 68,One Hundred Thirteen,45,0,68,113
25 - 50 = -25,25 - 50,Minus Twenty Five,25,1,50,-25
62 - 23 = 39,62 - 23,Thirty Nine,62,1,23,39
17 - 8 = 9,17 - 8,Nine,17,1,8,9
52 - 32 = 20,52 - 32,Twenty ,52,1,32,20
80 + 98 = 178,80 + 98,One Hundred Seventy Eight,80,0,98,178
73 + 97 = 170,73 + 97,One Hundred Seventy ,73,0,97,170
82 + 50 = 132,82 + 50,One Hundred Thirty Two,82,0,50,132
99 + 24 = 123,99 + 24,One Hundred Twenty Three,99,0,24,123
35 + 83 = 118,35 + 83,One Hundred Eighteen,35,0,83,118
90 - 50 = 40,90 - 50,Forty ,90,1,50,40
2 - 82 = -80,2 - 82,Minus Eighty ,2,1,82,-80
81 + 36 = 117,81 + 36,One Hundred Seventeen,81,0,36,117
76 - 33 = 43,76 - 33,Forty Three,76,1,33,43
53 + 72 = 125,53 + 72,One Hundred Twenty Five,53,0,72,125
34 + 78 = 112,34 + 78,One Hundred Twelve,34,0,78,112
78 - 90 = -12,78 - 90,Minus Twelve,78,1,90,-12
45 + 58 = 103,45 + 58,One Hundred Three,45,0,58,103
98 - 66 = 32,98 - 66,Thirty Two,98,1,66,32
76 - 85 = -9,76 - 85,Nine,76,1,85,-9
5 - 75 = -70,5 - 75,Minus Seventy ,5,1,75,-70
36 - 55 = -19,36 - 55,Minus Nineteen,36,1,55,-19
72 + 82 = 154,72 + 82,One Hundred Fifty Four,72,0,82,154
94 + 89 = 183,94 + 89,One Hundred Eighty Three,94,0,89,183
54 - 3 = 51,54 - 3,Fifty One,54,1,3,51
33 - 49 = -16,33 - 49,Minus Sixteen,33,1,49,-16
11 - 64 = -53,11 - 64,Minus Fifty Three,11,1,64,-53
61 + 36 = 97,61 + 36,Ninety Seven,61,0,36,97
64 - 67 = -3,64 - 67,Three,64,1,67,-3
19 - 68 = -49,19 - 68,Minus Forty Nine,19,1,68,-49
45 + 23 = 68,45 + 23,Sixty Eight,45,0,23,68
2 + 99 = 101,2 + 99,One Hundred One,2,0,99,101
55 + 91 = 146,55 + 91,One Hundred Forty Six,55,0,91,146
42 + 86 = 128,42 + 86,One Hundred Twenty Eight,42,0,86,128
78 + 54 = 132,78 + 54,One Hundred Thirty Two,78,0,54,132
8 - 96 = -88,8 - 96,Minus Eighty Eight,8,1,96,-88
35 + 63 = 98,35 + 63,Ninety Eight,35,0,63,98
33 + 18 = 51,33 + 18,Fifty One,33,0,18,51
84 - 53 = 31,84 - 53,Thirty One,84,1,53,31
33 + 53 = 86,33 + 53,Eighty Six,33,0,53,86
5 - 39 = -34,5 - 39,Minus Thirty Four,5,1,39,-34
3 - 95 = -92,3 - 95,Minus Ninety Two,3,1,95,-92
85 + 87 = 172,85 + 87,One Hundred Seventy Two,85,0,87,172
81 + 91 = 172,81 + 91,One Hundred Seventy Two,81,0,91,172
75 + 63 = 138,75 + 63,One Hundred Thirty Eight,75,0,63,138
72 + 71 = 143,72 + 71,One Hundred Forty Three,72,0,71,143
65 + 70 = 135,65 + 70,One Hundred Thirty Five,65,0,70,135
66 + 3 = 69,66 + 3,Sixty Nine,66,0,3,69
64 + 15 = 79,64 + 15,Seventy Nine,64,0,15,79
89 + 7 = 96,89 + 7,Ninety Six,89,0,7,96
7 - 36 = -29,7 - 36,Minus Twenty Nine,7,1,36,-29
45 - 65 = -20,45 - 65,Minus Twenty ,45,1,65,-20
80 + 36 = 116,80 + 36,One Hundred Sixteen,80,0,36,116
17 - 49 = -32,17 - 49,Minus Thirty Two,17,1,49,-32
23 + 86 = 109,23 + 86,One Hundred Nine,23,0,86,109
23 + 19 = 42,23 + 19,Forty Two,23,0,19,42
30 - 3 = 27,30 - 3,Twenty Seven,30,1,3,27
5 - 27 = -22,5 - 27,Minus Twenty Two,5,1,27,-22
95 - 62 = 33,95 - 62,Thirty Three,95,1,62,33
18 - 27 = -9,18 - 27,Nine,18,1,27,-9
15 - 65 = -50,15 - 65,Minus Fifty ,15,1,65,-50
45 - 60 = -15,45 - 60,Minus Fifteen,45,1,60,-15
81 + 21 = 102,81 + 21,One Hundred Two,81,0,21,102
45 - 75 = -30,45 - 75,Minus Thirty ,45,1,75,-30
97 + 55 = 152,97 + 55,One Hundred Fifty Two,97,0,55,152
48 - 28 = 20,48 - 28,Twenty ,48,1,28,20
33 + 76 = 109,33 + 76,One Hundred Nine,33,0,76,109
87 - 71 = 16,87 - 71,Sixteen,87,1,71,16
6 + 2 = 8,6 + 2,Eight,6,0,2,8
8 - 68 = -60,8 - 68,Minus Sixty ,8,1,68,-60
13 - 3 = 10,13 - 3,Ten,13,1,3,10
50 + 70 = 120,50 + 70,One Hundred Twenty ,50,0,70,120
54 - 39 = 15,54 - 39,Fifteen,54,1,39,15
96 - 91 = 5,96 - 91,Five,96,1,91,5
49 - 65 = -16,49 - 65,Minus Sixteen,49,1,65,-16
66 - 10 = 56,66 - 10,Fifty Six,66,1,10,56
100 + 84 = 184,100 + 84,One Hundred Eighty Four,100,0,84,184
96 - 64 = 32,96 - 64,Thirty Two,96,1,64,32
32 - 70 = -38,32 - 70,Minus Thirty Eight,32,1,70,-38
65 + 70 = 135,65 + 70,One Hundred Thirty Five,65,0,70,135
86 + 75 = 161,86 + 75,One Hundred Sixty One,86,0,75,161
48 - 37 = 11,48 - 37,Eleven,48,1,37,11
33 - 75 = -42,33 - 75,Minus Forty Two,33,1,75,-42
39 - 4 = 35,39 - 4,Thirty Five,39,1,4,35
11 + 86 = 97,11 + 86,Ninety Seven,11,0,86,97
28 - 36 = -8,28 - 36,Eight,28,1,36,-8
43 - 27 = 16,43 - 27,Sixteen,43,1,27,16
57 - 43 = 14,57 - 43,Fourteen,57,1,43,14
23 + 69 = 92,23 + 69,Ninety Two,23,0,69,92
95 + 46 = 141,95 + 46,One Hundred Forty One,95,0,46,141
77 - 5 = 72,77 - 5,Seventy Two,77,1,5,72
29 + 75 = 104,29 + 75,One Hundred Four,29,0,75,104
10 + 31 = 41,10 + 31,Forty One,10,0,31,41
2 - 97 = -95,2 - 97,Minus Ninety Five,2,1,97,-95
93 - 34 = 59,93 - 34,Fifty Nine,93,1,34,59
41 - 85 = -44,41 - 85,Minus Forty Four,41,1,85,-44
63 - 94 = -31,63 - 94,Minus Thirty One,63,1,94,-31
66 - 2 = 64,66 - 2,Sixty Four,66,1,2,64
45 + 30 = 75,45 + 30,Seventy Five,45,0,30,75
93 - 1 = 92,93 - 1,Ninety Two,93,1,1,92
83 - 67 = 16,83 - 67,Sixteen,83,1,67,16
72 + 41 = 113,72 + 41,One Hundred Thirteen,72,0,41,113
70 + 20 = 90,70 + 20,Ninety ,70,0,20,90
38 + 77 = 115,38 + 77,One Hundred Fifteen,38,0,77,115
59 - 47 = 12,59 - 47,Twelve,59,1,47,12
0 - 35 = -35,0 - 35,Minus Thirty Five,0,1,35,-35
79 - 57 = 22,79 - 57,Twenty Two,79,1,57,22
30 + 99 = 129,30 + 99,One Hundred Twenty Nine,30,0,99,129
49 - 64 = -15,49 - 64,Minus Fifteen,49,1,64,-15
36 - 95 = -59,36 - 95,Minus Fifty Nine,36,1,95,-59
99 + 67 = 166,99 + 67,One Hundred Sixty Six,99,0,67,166
1 - 29 = -28,1 - 29,Minus Twenty Eight,1,1,29,-28
50 - 69 = -19,50 - 69,Minus Nineteen,50,1,69,-19
87 + 46 = 133,87 + 46,One Hundred Thirty Three,87,0,46,133
56 - 22 = 34,56 - 22,Thirty Four,56,1,22,34
15 + 14 = 29,15 + 14,Twenty Nine,15,0,14,29
22 + 62 = 84,22 + 62,Eighty Four,22,0,62,84
12 + 80 = 92,12 + 80,Ninety Two,12,0,80,92
67 - 21 = 46,67 - 21,Forty Six,67,1,21,46
46 + 29 = 75,46 + 29,Seventy Five,46,0,29,75
97 - 23 = 74,97 - 23,Seventy Four,97,1,23,74
40 + 90 = 130,40 + 90,One Hundred Thirty ,40,0,90,130
99 - 95 = 4,99 - 95,Four,99,1,95,4
75 + 88 = 163,75 + 88,One Hundred Sixty Three,75,0,88,163
92 - 66 = 26,92 - 66,Twenty Six,92,1,66,26
3 - 94 = -91,3 - 94,Minus Ninety One,3,1,94,-91
40 + 84 = 124,40 + 84,One Hundred Twenty Four,40,0,84,124
3 + 44 = 47,3 + 44,Forty Seven,3,0,44,47
91 + 43 = 134,91 + 43,One Hundred Thirty Four,91,0,43,134
33 - 20 = 13,33 - 20,Thirteen,33,1,20,13
92 - 7 = 85,92 - 7,Eighty Five,92,1,7,85
94 - 27 = 67,94 - 27,Sixty Seven,94,1,27,67
31 + 14 = 45,31 + 14,Forty Five,31,0,14,45
22 - 18 = 4,22 - 18,Four,22,1,18,4
65 + 53 = 118,65 + 53,One Hundred Eighteen,65,0,53,118
88 - 11 = 77,88 - 11,Seventy Seven,88,1,11,77
8 - 76 = -68,8 - 76,Minus Sixty Eight,8,1,76,-68
17 + 85 = 102,17 + 85,One Hundred Two,17,0,85,102
21 + 74 = 95,21 + 74,Ninety Five,21,0,74,95
46 - 51 = -5,46 - 51,Five,46,1,51,-5
31 - 73 = -42,31 - 73,Minus Forty Two,31,1,73,-42
7 + 35 = 42,7 + 35,Forty Two,7,0,35,42
22 - 10 = 12,22 - 10,Twelve,22,1,10,12
55 - 72 = -17,55 - 72,Minus Seventeen,55,1,72,-17
54 - 75 = -21,54 - 75,Minus Twenty One,54,1,75,-21
24 + 46 = 70,24 + 46,Seventy ,24,0,46,70
56 + 14 = 70,56 + 14,Seventy ,56,0,14,70
43 + 45 = 88,43 + 45,Eighty Eight,43,0,45,88
26 + 27 = 53,26 + 27,Fifty Three,26,0,27,53
98 + 37 = 135,98 + 37,One Hundred Thirty Five,98,0,37,135
84 - 38 = 46,84 - 38,Forty Six,84,1,38,46
25 + 42 = 67,25 + 42,Sixty Seven,25,0,42,67
54 - 31 = 23,54 - 31,Twenty Three,54,1,31,23
45 + 43 = 88,45 + 43,Eighty Eight,45,0,43,88
48 - 68 = -20,48 - 68,Minus Twenty ,48,1,68,-20
56 - 100 = -44,56 - 100,Minus Forty Four,56,1,100,-44
4 - 37 = -33,4 - 37,Minus Thirty Three,4,1,37,-33
83 - 79 = 4,83 - 79,Four,83,1,79,4
87 - 16 = 71,87 - 16,Seventy One,87,1,16,71
72 + 60 = 132,72 + 60,One Hundred Thirty Two,72,0,60,132
26 + 38 = 64,26 + 38,Sixty Four,26,0,38,64
10 - 43 = -33,10 - 43,Minus Thirty Three,10,1,43,-33
12 - 41 = -29,12 - 41,Minus Twenty Nine,12,1,41,-29
5 - 89 = -84,5 - 89,Minus Eighty Four,5,1,89,-84
48 - 5 = 43,48 - 5,Forty Three,48,1,5,43
32 + 39 = 71,32 + 39,Seventy One,32,0,39,71
93 - 66 = 27,93 - 66,Twenty Seven,93,1,66,27
73 - 97 = -24,73 - 97,Minus Twenty Four,73,1,97,-24
87 + 27 = 114,87 + 27,One Hundred Fourteen,87,0,27,114
56 + 45 = 101,56 + 45,One Hundred One,56,0,45,101
43 - 68 = -25,43 - 68,Minus Twenty Five,43,1,68,-25
97 + 73 = 170,97 + 73,One Hundred Seventy ,97,0,73,170
81 + 34 = 115,81 + 34,One Hundred Fifteen,81,0,34,115
40 - 67 = -27,40 - 67,Minus Twenty Seven,40,1,67,-27
82 - 95 = -13,82 - 95,Minus Thirteen,82,1,95,-13
27 + 42 = 69,27 + 42,Sixty Nine,27,0,42,69
6 + 97 = 103,6 + 97,One Hundred Three,6,0,97,103
59 + 30 = 89,59 + 30,Eighty Nine,59,0,30,89
95 - 99 = -4,95 - 99,Four,95,1,99,-4
10 - 48 = -38,10 - 48,Minus Thirty Eight,10,1,48,-38
87 - 28 = 59,87 - 28,Fifty Nine,87,1,28,59
75 + 56 = 131,75 + 56,One Hundred Thirty One,75,0,56,131
64 - 35 = 29,64 - 35,Twenty Nine,64,1,35,29
12 + 97 = 109,12 + 97,One Hundred Nine,12,0,97,109
45 - 25 = 20,45 - 25,Twenty ,45,1,25,20
55 + 55 = 110,55 + 55,One Hundred Ten,55,0,55,110
34 - 19 = 15,34 - 19,Fifteen,34,1,19,15
71 + 4 = 75,71 + 4,Seventy Five,71,0,4,75
71 + 99 = 170,71 + 99,One Hundred Seventy ,71,0,99,170
75 - 82 = -7,75 - 82,Seven,75,1,82,-7
72 - 91 = -19,72 - 91,Minus Nineteen,72,1,91,-19
73 - 23 = 50,73 - 23,Fifty ,73,1,23,50
77 + 18 = 95,77 + 18,Ninety Five,77,0,18,95
22 - 71 = -49,22 - 71,Minus Forty Nine,22,1,71,-49
89 + 92 = 181,89 + 92,One Hundred Eighty One,89,0,92,181
16 - 62 = -46,16 - 62,Minus Forty Six,16,1,62,-46
18 - 24 = -6,18 - 24,Six,18,1,24,-6
82 - 22 = 60,82 - 22,Sixty ,82,1,22,60
96 - 25 = 71,96 - 25,Seventy One,96,1,25,71
36 - 13 = 23,36 - 13,Twenty Three,36,1,13,23
1 - 83 = -82,1 - 83,Minus Eighty Two,1,1,83,-82
96 + 28 = 124,96 + 28,One Hundred Twenty Four,96,0,28,124
75 + 95 = 170,75 + 95,One Hundred Seventy ,75,0,95,170
19 + 48 = 67,19 + 48,Sixty Seven,19,0,48,67
38 + 52 = 90,38 + 52,Ninety ,38,0,52,90
48 - 92 = -44,48 - 92,Minus Forty Four,48,1,92,-44
30 - 0 = 30,30 - 0,Thirty ,30,1,0,30
21 - 57 = -36,21 - 57,Minus Thirty Six,21,1,57,-36
22 + 86 = 108,22 + 86,One Hundred Eight,22,0,86,108
47 - 75 = -28,47 - 75,Minus Twenty Eight,47,1,75,-28
44 + 42 = 86,44 + 42,Eighty Six,44,0,42,86
36 + 61 = 97,36 + 61,Ninety Seven,36,0,61,97
10 - 82 = -72,10 - 82,Minus Seventy Two,10,1,82,-72
60 + 91 = 151,60 + 91,One Hundred Fifty One,60,0,91,151
97 + 59 = 156,97 + 59,One Hundred Fifty Six,97,0,59,156
21 + 21 = 42,21 + 21,Forty Two,21,0,21,42
85 - 61 = 24,85 - 61,Twenty Four,85,1,61,24
94 + 28 = 122,94 + 28,One Hundred Twenty Two,94,0,28,122
3 - 69 = -66,3 - 69,Minus Sixty Six,3,1,69,-66
70 - 15 = 55,70 - 15,Fifty Five,70,1,15,55
18 - 36 = -18,18 - 36,Minus Eighteen,18,1,36,-18
45 - 65 = -20,45 - 65,Minus Twenty ,45,1,65,-20
86 + 32 = 118,86 + 32,One Hundred Eighteen,86,0,32,118
83 + 49 = 132,83 + 49,One Hundred Thirty Two,83,0,49,132
20 - 7 = 13,20 - 7,Thirteen,20,1,7,13
6 - 76 = -70,6 - 76,Minus Seventy ,6,1,76,-70
57 + 20 = 77,57 + 20,Seventy Seven,57,0,20,77
69 - 44 = 25,69 - 44,Twenty Five,69,1,44,25
20 + 47 = 67,20 + 47,Sixty Seven,20,0,47,67
47 - 51 = -4,47 - 51,Four,47,1,51,-4
28 - 54 = -26,28 - 54,Minus Twenty Six,28,1,54,-26
45 + 92 = 137,45 + 92,One Hundred Thirty Seven,45,0,92,137
44 + 54 = 98,44 + 54,Ninety Eight,44,0,54,98
61 + 87 = 148,61 + 87,One Hundred Forty Eight,61,0,87,148
11 - 96 = -85,11 - 96,Minus Eighty Five,11,1,96,-85
58 - 64 = -6,58 - 64,Six,58,1,64,-6
7 - 33 = -26,7 - 33,Minus Twenty Six,7,1,33,-26
12 + 91 = 103,12 + 91,One Hundred Three,12,0,91,103
93 - 52 = 41,93 - 52,Forty One,93,1,52,41
61 + 32 = 93,61 + 32,Ninety Three,61,0,32,93
65 + 40 = 105,65 + 40,One Hundred Five,65,0,40,105
47 + 60 = 107,47 + 60,One Hundred Seven,47,0,60,107
91 - 21 = 70,91 - 21,Seventy ,91,1,21,70
74 + 36 = 110,74 + 36,One Hundred Ten,74,0,36,110
65 + 18 = 83,65 + 18,Eighty Three,65,0,18,83
66 + 98 = 164,66 + 98,One Hundred Sixty Four,66,0,98,164
74 - 7 = 67,74 - 7,Sixty Seven,74,1,7,67
51 - 59 = -8,51 - 59,Eight,51,1,59,-8
57 + 75 = 132,57 + 75,One Hundred Thirty Two,57,0,75,132
38 + 91 = 129,38 + 91,One Hundred Twenty Nine,38,0,91,129
51 - 67 = -16,51 - 67,Minus Sixteen,51,1,67,-16
55 - 53 = 2,55 - 53,Two,55,1,53,2
14 + 61 = 75,14 + 61,Seventy Five,14,0,61,75
94 + 63 = 157,94 + 63,One Hundred Fifty Seven,94,0,63,157
26 - 21 = 5,26 - 21,Five,26,1,21,5
2 - 29 = -27,2 - 29,Minus Twenty Seven,2,1,29,-27
41 - 53 = -12,41 - 53,Minus Twelve,41,1,53,-12
5 - 15 = -10,5 - 15,Minus Ten,5,1,15,-10
15 + 73 = 88,15 + 73,Eighty Eight,15,0,73,88
44 + 2 = 46,44 + 2,Forty Six,44,0,2,46
58 - 53 = 5,58 - 53,Five,58,1,53,5
86 - 97 = -11,86 - 97,Minus Eleven,86,1,97,-11
21 - 28 = -7,21 - 28,Seven,21,1,28,-7
29 - 35 = -6,29 - 35,Six,29,1,35,-6
81 + 65 = 146,81 + 65,One Hundred Forty Six,81,0,65,146
91 + 93 = 184,91 + 93,One Hundred Eighty Four,91,0,93,184
16 - 96 = -80,16 - 96,Minus Eighty ,16,1,96,-80
85 + 59 = 144,85 + 59,One Hundred Forty Four,85,0,59,144
75 - 81 = -6,75 - 81,Six,75,1,81,-6
99 - 15 = 84,99 - 15,Eighty Four,99,1,15,84
61 + 95 = 156,61 + 95,One Hundred Fifty Six,61,0,95,156
9 + 71 = 80,9 + 71,Eighty ,9,0,71,80
60 - 23 = 37,60 - 23,Thirty Seven,60,1,23,37
40 + 76 = 116,40 + 76,One Hundred Sixteen,40,0,76,116
85 + 85 = 170,85 + 85,One Hundred Seventy ,85,0,85,170
70 + 50 = 120,70 + 50,One Hundred Twenty ,70,0,50,120
21 + 89 = 110,21 + 89,One Hundred Ten,21,0,89,110
28 - 71 = -43,28 - 71,Minus Forty Three,28,1,71,-43
69 + 17 = 86,69 + 17,Eighty Six,69,0,17,86
61 + 25 = 86,61 + 25,Eighty Six,61,0,25,86
50 - 65 = -15,50 - 65,Minus Fifteen,50,1,65,-15
11 + 6 = 17,11 + 6,Seventeen,11,0,6,17
81 + 96 = 177,81 + 96,One Hundred Seventy Seven,81,0,96,177
82 + 86 = 168,82 + 86,One Hundred Sixty Eight,82,0,86,168
31 + 28 = 59,31 + 28,Fifty Nine,31,0,28,59
6 - 62 = -56,6 - 62,Minus Fifty Six,6,1,62,-56
54 - 90 = -36,54 - 90,Minus Thirty Six,54,1,90,-36
43 + 32 = 75,43 + 32,Seventy Five,43,0,32,75
13 + 78 = 91,13 + 78,Ninety One,13,0,78,91
56 + 68 = 124,56 + 68,One Hundred Twenty Four,56,0,68,124
39 + 47 = 86,39 + 47,Eighty Six,39,0,47,86
75 + 59 = 134,75 + 59,One Hundred Thirty Four,75,0,59,134
79 - 34 = 45,79 - 34,Forty Five,79,1,34,45
71 + 26 = 97,71 + 26,Ninety Seven,71,0,26,97
45 - 18 = 27,45 - 18,Twenty Seven,45,1,18,27
63 - 8 = 55,63 - 8,Fifty Five,63,1,8,55
10 - 78 = -68,10 - 78,Minus Sixty Eight,10,1,78,-68
92 + 8 = 100,92 + 8,One Hundred ,92,0,8,100
71 + 84 = 155,71 + 84,One Hundred Fifty Five,71,0,84,155
21 - 33 = -12,21 - 33,Minus Twelve,21,1,33,-12
45 - 51 = -6,45 - 51,Six,45,1,51,-6
81 + 41 = 122,81 + 41,One Hundred Twenty Two,81,0,41,122
13 + 10 = 23,13 + 10,Twenty Three,13,0,10,23
30 - 65 = -35,30 - 65,Minus Thirty Five,30,1,65,-35
81 + 34 = 115,81 + 34,One Hundred Fifteen,81,0,34,115
56 + 85 = 141,56 + 85,One Hundred Forty One,56,0,85,141
17 + 100 = 117,17 + 100,One Hundred Seventeen,17,0,100,117
26 - 56 = -30,26 - 56,Minus Thirty ,26,1,56,-30
39 + 70 = 109,39 + 70,One Hundred Nine,39,0,70,109
64 - 25 = 39,64 - 25,Thirty Nine,64,1,25,39
95 - 50 = 45,95 - 50,Forty Five,95,1,50,45
82 + 57 = 139,82 + 57,One Hundred Thirty Nine,82,0,57,139
67 - 94 = -27,67 - 94,Minus Twenty Seven,67,1,94,-27
26 - 1 = 25,26 - 1,Twenty Five,26,1,1,25
68 + 2 = 70,68 + 2,Seventy ,68,0,2,70
64 + 21 = 85,64 + 21,Eighty Five,64,0,21,85
43 + 8 = 51,43 + 8,Fifty One,43,0,8,51
46 + 45 = 91,46 + 45,Ninety One,46,0,45,91
81 - 28 = 53,81 - 28,Fifty Three,81,1,28,53
83 - 97 = -14,83 - 97,Minus Fourteen,83,1,97,-14
55 + 24 = 79,55 + 24,Seventy Nine,55,0,24,79
36 - 35 = 1,36 - 35,One,36,1,35,1
79 - 30 = 49,79 - 30,Forty Nine,79,1,30,49
9 + 73 = 82,9 + 73,Eighty Two,9,0,73,82
12 - 86 = -74,12 - 86,Minus Seventy Four,12,1,86,-74
36 - 7 = 29,36 - 7,Twenty Nine,36,1,7,29
15 + 31 = 46,15 + 31,Forty Six,15,0,31,46
75 - 4 = 71,75 - 4,Seventy One,75,1,4,71
71 + 33 = 104,71 + 33,One Hundred Four,71,0,33,104
2 + 5 = 7,2 + 5,Seven,2,0,5,7
28 + 77 = 105,28 + 77,One Hundred Five,28,0,77,105
35 + 26 = 61,35 + 26,Sixty One,35,0,26,61
14 - 69 = -55,14 - 69,Minus Fifty Five,14,1,69,-55
5 - 80 = -75,5 - 80,Minus Seventy Five,5,1,80,-75
98 - 43 = 55,98 - 43,Fifty Five,98,1,43,55
29 - 99 = -70,29 - 99,Minus Seventy ,29,1,99,-70
71 + 15 = 86,71 + 15,Eighty Six,71,0,15,86
13 - 31 = -18,13 - 31,Minus Eighteen,13,1,31,-18
89 + 13 = 102,89 + 13,One Hundred Two,89,0,13,102
3 - 51 = -48,3 - 51,Minus Forty Eight,3,1,51,-48
44 + 14 = 58,44 + 14,Fifty Eight,44,0,14,58
92 - 57 = 35,92 - 57,Thirty Five,92,1,57,35
34 + 70 = 104,34 + 70,One Hundred Four,34,0,70,104
19 - 90 = -71,19 - 90,Minus Seventy One,19,1,90,-71